id;lesson_name;lesson_notification;lesson_content;lesson_file;lesson_time_start;lesson_time_end
1;Director benchmark standardization;Keyboard;Port Tennessee alarm;Vietnam;2022-03-20;2022-03-21
2;haptic;Cambridgeshire Future-proofed Steel;Grenada Connecticut Account;deposit;2022-03-20;2022-03-21
3;static Integration;Granite AGP;Mountains Handmade systemic;Peru Kina;2022-03-20;2022-03-20
4;Garden Producer;e-markets Niue New;Concrete Fantastic payment;Berkshire;2022-03-20;2022-03-20
5;salmon Salad;primary Bike Optimization;Consultant Gorgeous;Soft Garden deposit;2022-03-20;2022-03-20
6;Bike ADP solution-oriented;Grocery Savings Djibouti;markets;Zloty Cambridgeshire;2022-03-20;2022-03-21
7;architect Samoa Bacon;SDD;1080p;Granite;2022-03-21;2022-03-20
8;productize payment;Licensed;Regional Market;Consultant navigating upward-trending;2022-03-20;2022-03-21
9;architectures black orchid;supply-chains;Wooden;Integration Maryland;2022-03-20;2022-03-20
10;Kip Accountability;reintermediate;Fantastic;Mississippi;2022-03-20;2022-03-21
